Workbook

Sheet Dashboard
A1: HR Analytics Dashboard
A2: Sample data only. Attrition rate = exits / (active + exits).
A4: Active headcount | B4: =COUNTIF(Data!$E$2:$E$141,"Active") -> 119
A5: Exits | B5: =COUNTIF(Data!$E$2:$E$141,"Exited") -> 21
A6: Attrition rate | B6: =IFERROR(B5/(B4+B5),0) -> 0.15
A9: Department | B9: Active | C9: Exited | D9: Attrition %
A10: Sales | B10: =COUNTIFS(Data!$B$2:$B$141,A10,Data!$E$2:$E$141,"Active") -> 46 | C10: =COUNTIFS(Data!$B$2:$B$141,A10,Data!$E$2:$E$141,"Exited") -> 9 | D10: =IFERROR(C10/(B10+C10),0) -> 0.16363636
A11: Engineering | B11: =COUNTIFS(Data!$B$2:$B$141,A11,Data!$E$2:$E$141,"Active") -> 33 | C11: =COUNTIFS(Data!$B$2:$B$141,A11,Data!$E$2:$E$141,"Exited") -> 6 | D11: =IFERROR(C11/(B11+C11),0) -> 0.15384615
A12: HR | B12: =COUNTIFS(Data!$B$2:$B$141,A12,Data!$E$2:$E$141,"Active") -> 13 | C12: =COUNTIFS(Data!$B$2:$B$141,A12,Data!$E$2:$E$141,"Exited") -> 1 | D12: =IFERROR(C12/(B12+C12),0) -> 0.071428571
A13: Finance | B13: =COUNTIFS(Data!$B$2:$B$141,A13,Data!$E$2:$E$141,"Active") -> 10 | C13: =COUNTIFS(Data!$B$2:$B$141,A13,Data!$E$2:$E$141,"Exited") -> 0 | D13: =IFERROR(C13/(B13+C13),0) -> 0
A14: Operations | B14: =COUNTIFS(Data!$B$2:$B$141,A14,Data!$E$2:$E$141,"Active") -> 17 | C14: =COUNTIFS(Data!$B$2:$B$141,A14,Data!$E$2:$E$141,"Exited") -> 5 | D14: =IFERROR(C14/(B14+C14),0) -> 0.22727273
A17: Month (2025) | B17: Joiners
A18: 2025-01 | B18: =COUNTIF(Data!$F$2:$F$141,A18) -> 3
A19: 2025-02 | B19: =COUNTIF(Data!$F$2:$F$141,A19) -> 2
A20: 2025-03 | B20: =COUNTIF(Data!$F$2:$F$141,A20) -> 6
A21: 2025-04 | B21: =COUNTIF(Data!$F$2:$F$141,A21) -> 3
A22: 2025-05 | B22: =COUNTIF(Data!$F$2:$F$141,A22) -> 2
A23: 2025-06 | B23: =COUNTIF(Data!$F$2:$F$141,A23) -> 1
A24: 2025-07 | B24: =COUNTIF(Data!$F$2:$F$141,A24) -> 7
A25: 2025-08 | B25: =COUNTIF(Data!$F$2:$F$141,A25) -> 5
A26: 2025-09 | B26: =COUNTIF(Data!$F$2:$F$141,A26) -> 6
A27: 2025-10 | B27: =COUNTIF(Data!$F$2:$F$141,A27) -> 8
A28: 2025-11 | B28: =COUNTIF(Data!$F$2:$F$141,A28) -> 8
A29: 2025-12 | B29: =COUNTIF(Data!$F$2:$F$141,A29) -> 5

Sheet Data
A1: Employee ID | B1: Department | C1: Join Date | D1: Exit Date | E1: Status (auto) | F1: Join Month (auto) | H1: Sample data only: randomly generated, not real employees. Blue = edit. Add rows and extend the ranges on the Dashboard.
A2: E-001 | B2: Sales | C2: 45889 | E2: =IF(D2="","Active","Exited") -> Active | F2: =TEXT(C2,"yyyy-mm") -> 2025-08
A3: E-002 | B3: Engineering | C3: 44930 | E3: =IF(D3="","Active","Exited") -> Active | F3: =TEXT(C3,"yyyy-mm") -> 2023-01
A4: E-003 | B4: HR | C4: 45100 | E4: =IF(D4="","Active","Exited") -> Active | F4: =TEXT(C4,"yyyy-mm") -> 2023-06
A5: E-004 | B5: Sales | C5: 45722 | E5: =IF(D5="","Active","Exited") -> Active | F5: =TEXT(C5,"yyyy-mm") -> 2025-03
A6: E-005 | B6: Finance | C6: 45906 | E6: =IF(D6="","Active","Exited") -> Active | F6: =TEXT(C6,"yyyy-mm") -> 2025-09
A7: E-006 | B7: Engineering | C7: 45607 | E7: =IF(D7="","Active","Exited") -> Active | F7: =TEXT(C7,"yyyy-mm") -> 2024-11
A8: E-007 | B8: Engineering | C8: 45749 | E8: =IF(D8="","Active","Exited") -> Active | F8: =TEXT(C8,"yyyy-mm") -> 2025-04
A9: E-008 | B9: Sales | C9: 45252 | D9: 45377 | E9: =IF(D9="","Active","Exited") -> Exited | F9: =TEXT(C9,"yyyy-mm") -> 2023-11
A10: E-009 | B10: Sales | C10: 45880 | E10: =IF(D10="","Active","Exited") -> Active | F10: =TEXT(C10,"yyyy-mm") -> 2025-08
A11: E-010 | B11: Sales | C11: 45898 | E11: =IF(D11="","Active","Exited") -> Active | F11: =TEXT(C11,"yyyy-mm") -> 2025-08
A12: E-011 | B12: Engineering | C12: 45195 | D12: 45664 | E12: =IF(D12="","Active","Exited") -> Exited | F12: =TEXT(C12,"yyyy-mm") -> 2023-09
A13: E-012 | B13: Operations | C13: 45137 | E13: =IF(D13="","Active","Exited") -> Active | F13: =TEXT(C13,"yyyy-mm") -> 2023-07
A14: E-013 | B14: Operations | C14: 45815 | E14: =IF(D14="","Active","Exited") -> Active | F14: =TEXT(C14,"yyyy-mm") -> 2025-06
A15: E-014 | B15: Sales | C15: 45359 | D15: 45527 | E15: =IF(D15="","Active","Exited") -> Exited | F15: =TEXT(C15,"yyyy-mm") -> 2024-03
A16: E-015 | B16: Sales | C16: 45419 | E16: =IF(D16="","Active","Exited") -> Active | F16: =TEXT(C16,"yyyy-mm") -> 2024-05
A17: E-016 | B17: Engineering | C17: 45785 | E17: =IF(D17="","Active","Exited") -> Active | F17: =TEXT(C17,"yyyy-mm") -> 2025-05
A18: E-017 | B18: Sales | C18: 45651 | E18: =IF(D18="","Active","Exited") -> Active | F18: =TEXT(C18,"yyyy-mm") -> 2024-12
A19: E-018 | B19: HR | C19: 45985 | E19: =IF(D19="","Active","Exited") -> Active | F19: =TEXT(C19,"yyyy-mm") -> 2025-11
A20: E-019 | B20: Operations | C20: 45954 | E20: =IF(D20="","Active","Exited") -> Active | F20: =TEXT(C20,"yyyy-mm") -> 2025-10
A21: E-020 | B21: Engineering | C21: 44965 | E21: =IF(D21="","Active","Exited") -> Active | F21: =TEXT(C21,"yyyy-mm") -> 2023-02
A22: E-021 | B22: Finance | C22: 44935 | E22: =IF(D22="","Active","Exited") -> Active | F22: =TEXT(C22,"yyyy-mm") -> 2023-01
A23: E-022 | B23: Sales | C23: 45216 | E23: =IF(D23="","Active","Exited") -> Active | F23: =TEXT(C23,"yyyy-mm") -> 2023-10
A24: E-023 | B24: HR | C24: 45053 | E24: =IF(D24="","Active","Exited") -> Active | F24: =TEXT(C24,"yyyy-mm") -> 2023-05
A25: E-024 | B25: Engineering | C25: 45915 | E25: =IF(D25="","Active","Exited") -> Active | F25: =TEXT(C25,"yyyy-mm") -> 2025-09
A26: E-025 | B26: Sales | C26: 45043 | D26: 45244 | E26: =IF(D26="","Active","Exited") -> Exited | F26: =TEXT(C26,"yyyy-mm") -> 2023-04
A27: E-026 | B27: Sales | C27: 45127 | E27: =IF(D27="","Active","Exited") -> Active | F27: =TEXT(C27,"yyyy-mm") -> 2023-07
A28: E-027 | B28: Engineering | C28: 45056 | E28: =IF(D28="","Active","Exited") -> Active | F28: =TEXT(C28,"yyyy-mm") -> 2023-05
A29: E-028 | B29: Engineering | C29: 45962 | E29: =IF(D29="","Active","Exited") -> Active | F29: =TEXT(C29,"yyyy-mm") -> 2025-11
A30: E-029 | B30: Sales | C30: 45494 | E30: =IF(D30="","Active","Exited") -> Active | F30: =TEXT(C30,"yyyy-mm") -> 2024-07
A31: E-030 | B31: Engineering | C31: 45906 | E31: =IF(D31="","Active","Exited") -> Active | F31: =TEXT(C31,"yyyy-mm") -> 2025-09
A32: E-031 | B32: Sales | C32: 45998 | E32: =IF(D32="","Active","Exited") -> Active | F32: =TEXT(C32,"yyyy-mm") -> 2025-12
A33: E-032 | B33: Operations | C33: 45458 | E33: =IF(D33="","Active","Exited") -> Active | F33: =TEXT(C33,"yyyy-mm") -> 2024-06
A34: E-033 | B34: Operations | C34: 45341 | E34: =IF(D34="","Active","Exited") -> Active | F34: =TEXT(C34,"yyyy-mm") -> 2024-02
A35: E-034 | B35: Sales | C35: 45176 | E35: =IF(D35="","Active","Exited") -> Active | F35: =TEXT(C35,"yyyy-mm") -> 2023-09
A36: E-035 | B36: Engineering | C36: 45419 | E36: =IF(D36="","Active","Exited") -> Active | F36: =TEXT(C36,"yyyy-mm") -> 2024-05
A37: E-036 | B37: Sales | C37: 45547 | E37: =IF(D37="","Active","Exited") -> Active | F37: =TEXT(C37,"yyyy-mm") -> 2024-09
A38: E-037 | B38: Operations | C38: 45243 | E38: =IF(D38="","Active","Exited") -> Active | F38: =TEXT(C38,"yyyy-mm") -> 2023-11
A39: E-038 | B39: Engineering | C39: 45676 | D39: 45806 | E39: =IF(D39="","Active","Exited") -> Exited | F39: =TEXT(C39,"yyyy-mm") -> 2025-01
A40: E-039 | B40: Operations | C40: 45376 | E40: =IF(D40="","Active","Exited") -> Active | F40: =TEXT(C40,"yyyy-mm") -> 2024-03
A41: E-040 | B41: Sales | C41: 45924 | E41: =IF(D41="","Active","Exited") -> Active | F41: =TEXT(C41,"yyyy-mm") -> 2025-09
A42: E-041 | B42: Operations | C42: 45257 | E42: =IF(D42="","Active","Exited") -> Active | F42: =TEXT(C42,"yyyy-mm") -> 2023-11
A43: E-042 | B43: Operations | C43: 45754 | E43: =IF(D43="","Active","Exited") -> Active | F43: =TEXT(C43,"yyyy-mm") -> 2025-04
A44: E-043 | B44: Sales | C44: 45579 | D44: 45826 | E44: =IF(D44="","Active","Exited") -> Exited | F44: =TEXT(C44,"yyyy-mm") -> 2024-10
A45: E-044 | B45: Sales | C45: 45866 | E45: =IF(D45="","Active","Exited") -> Active | F45: =TEXT(C45,"yyyy-mm") -> 2025-07
A46: E-045 | B46: Sales | C46: 45605 | E46: =IF(D46="","Active","Exited") -> Active | F46: =TEXT(C46,"yyyy-mm") -> 2024-11
A47: E-046 | B47: Sales | C47: 45058 | D47: 45521 | E47: =IF(D47="","Active","Exited") -> Exited | F47: =TEXT(C47,"yyyy-mm") -> 2023-05
A48: E-047 | B48: Sales | C48: 45141 | D48: 45340 | E48: =IF(D48="","Active","Exited") -> Exited | F48: =TEXT(C48,"yyyy-mm") -> 2023-08
A49: E-048 | B49: Sales | C49: 45298 | D49: 45424 | E49: =IF(D49="","Active","Exited") -> Exited | F49: =TEXT(C49,"yyyy-mm") -> 2024-01
A50: E-049 | B50: Finance | C50: 45456 | E50: =IF(D50="","Active","Exited") -> Active | F50: =TEXT(C50,"yyyy-mm") -> 2024-06
A51: E-050 | B51: Engineering | C51: 45981 | E51: =IF(D51="","Active","Exited") -> Active | F51: =TEXT(C51,"yyyy-mm") -> 2025-11
A52: E-051 | B52: HR | C52: 45110 | E52: =IF(D52="","Active","Exited") -> Active | F52: =TEXT(C52,"yyyy-mm") -> 2023-07
A53: E-052 | B53: Finance | C53: 45302 | E53: =IF(D53="","Active","Exited") -> Active | F53: =TEXT(C53,"yyyy-mm") -> 2024-01
A54: E-053 | B54: Sales | C54: 44961 | E54: =IF(D54="","Active","Exited") -> Active | F54: =TEXT(C54,"yyyy-mm") -> 2023-02
A55: E-054 | B55: Finance | C55: 45098 | E55: =IF(D55="","Active","Exited") -> Active | F55: =TEXT(C55,"yyyy-mm") -> 2023-06
A56: E-055 | B56: Sales | C56: 45468 | E56: =IF(D56="","Active","Exited") -> Active | F56: =TEXT(C56,"yyyy-mm") -> 2024-06
A57: E-056 | B57: Engineering | C57: 45621 | E57: =IF(D57="","Active","Exited") -> Active | F57: =TEXT(C57,"yyyy-mm") -> 2024-11
A58: E-057 | B58: Engineering | C58: 45475 | E58: =IF(D58="","Active","Exited") -> Active | F58: =TEXT(C58,"yyyy-mm") -> 2024-07
A59: E-058 | B59: Sales | C59: 45415 | E59: =IF(D59="","Active","Exited") -> Active | F59: =TEXT(C59,"yyyy-mm") -> 2024-05
A60: E-059 | B60: Operations | C60: 45463 | D60: 45626 | E60: =IF(D60="","Active","Exited") -> Exited | F60: =TEXT(C60,"yyyy-mm") -> 2024-06
A61: E-060 | B61: Operations | C61: 45551 | E61: =IF(D61="","Active","Exited") -> Active | F61: =TEXT(C61,"yyyy-mm") -> 2024-09
A62: E-061 | B62: Sales | C62: 45839 | E62: =IF(D62="","Active","Exited") -> Active | F62: =TEXT(C62,"yyyy-mm") -> 2025-07
A63: E-062 | B63: Sales | C63: 45637 | E63: =IF(D63="","Active","Exited") -> Active | F63: =TEXT(C63,"yyyy-mm") -> 2024-12
A64: E-063 | B64: Operations | C64: 45002 | D64: 45437 | E64: =IF(D64="","Active","Exited") -> Exited | F64: =TEXT(C64,"yyyy-mm") -> 2023-03
A65: E-064 | B65: Engineering | C65: 45315 | E65: =IF(D65="","Active","Exited") -> Active | F65: =TEXT(C65,"yyyy-mm") -> 2024-01
A66: E-065 | B66: Sales | C66: 45842 | E66: =IF(D66="","Active","Exited") -> Active | F66: =TEXT(C66,"yyyy-mm") -> 2025-07
A67: E-066 | B67: HR | C67: 45940 | E67: =IF(D67="","Active","Exited") -> Active | F67: =TEXT(C67,"yyyy-mm") -> 2025-10
A68: E-067 | B68: Operations | C68: 45964 | E68: =IF(D68="","Active","Exited") -> Active | F68: =TEXT(C68,"yyyy-mm") -> 2025-11
A69: E-068 | B69: Sales | C69: 45397 | E69: =IF(D69="","Active","Exited") -> Active | F69: =TEXT(C69,"yyyy-mm") -> 2024-04
A70: E-069 | B70: Operations | C70: 45213 | E70: =IF(D70="","Active","Exited") -> Active | F70: =TEXT(C70,"yyyy-mm") -> 2023-10
A71: E-070 | B71: Engineering | C71: 45038 | E71: =IF(D71="","Active","Exited") -> Active | F71: =TEXT(C71,"yyyy-mm") -> 2023-04
A72: E-071 | B72: Sales | C72: 45450 | E72: =IF(D72="","Active","Exited") -> Active | F72: =TEXT(C72,"yyyy-mm") -> 2024-06
A73: E-072 | B73: Sales | C73: 45707 | E73: =IF(D73="","Active","Exited") -> Active | F73: =TEXT(C73,"yyyy-mm") -> 2025-02
A74: E-073 | B74: HR | C74: 45504 | E74: =IF(D74="","Active","Exited") -> Active | F74: =TEXT(C74,"yyyy-mm") -> 2024-07
A75: E-074 | B75: HR | C75: 45019 | E75: =IF(D75="","Active","Exited") -> Active | F75: =TEXT(C75,"yyyy-mm") -> 2023-04
A76: E-075 | B76: Sales | C76: 45840 | E76: =IF(D76="","Active","Exited") -> Active | F76: =TEXT(C76,"yyyy-mm") -> 2025-07
... A80: E-079 | B80: Engineering | C80: 45956 | E80: =IF(D80="","Active","Exited") -> Active | F80: =TEXT(C80,"yyyy-mm") -> 2025-10
A81: E-080 | B81: Sales | C81: 44937 | D81: 45415 | E81: =IF(D81="","Active","Exited") -> Exited | F81: =TEXT(C81,"yyyy-mm") -> 2023-01
A82: E-081 | B82: Sales | C82: 45745 | E82: =IF(D82="","Active","Exited") -> Active | F82: =TEXT(C82,"yyyy-mm") -> 2025-03
A83: E-082 | B83: Engineering | C83: 45540 | E83: =IF(D83="","Active","Exited") -> Active | F83: =TEXT(C83,"yyyy-mm") -> 2024-09
A84: E-083 | B84: Sales | C84: 46010 | E84: =IF(D84="","Active","Exited") -> Active | F84: =TEXT(C84,"yyyy-mm") -> 2025-12
A85: E-084 | B85: Sales | C85: 45724 | E85: =IF(D85="","Active","Exited") -> Active | F85: =TEXT(C85,"yyyy-mm") -> 2025-03
A86: E-085 | B86: HR | C86: 45939 | E86: =IF(D86="","Active","Exited") -> Active | F86: =TEXT(C86,"yyyy-mm") -> 2025-10
A87: E-086 | B87: HR | C87: 45223 | D87: 45710 | E87: =IF(D87="","Active","Exited") -> Exited | F87: =TEXT(C87,"yyyy-mm") -> 2023-10
A88: E-087 | B88: HR | C88: 45977 | E88: =IF(D88="","Active","Exited") -> Active | F88: =TEXT(C88,"yyyy-mm") -> 2025-11
A89: E-088 | B89: Finance | C89: 45962 | E89: =IF(D89="","Active","Exited") -> Active | F89: =TEXT(C89,"yyyy-mm") -> 2025-11
A90: E-089 | B90: Engineering | C90: 45959 | E90: =IF(D90="","Active","Exited") -> Active | F90: =TEXT(C90,"yyyy-mm") -> 2025-10
A91: E-090 | B91: Finance | C91: 44959 | E91: =IF(D91="","Active","Exited") -> Active | F91: =TEXT(C91,"yyyy-mm") -> 2023-02
A92: E-091 | B92: Engineering | C92: 45397 | D92: 45478 | E92: =IF(D92="","Active","Exited") -> Exited | F92: =TEXT(C92,"yyyy-mm") -> 2024-04
A93: E-092 | B93: Sales | C93: 45665 | E93: =IF(D93="","Active","Exited") -> Active | F93: =TEXT(C93,"yyyy-mm") -> 2025-01
A94: E-093 | B94: Engineering | C94: 45851 | E94: =IF(D94="","Active","Exited") -> Active | F94: =TEXT(C94,"yyyy-mm") -> 2025-07
A95: E-094 | B95: Engineering | C95: 46015 | E95: =IF(D95="","Active","Exited") -> Active | F95: =TEXT(C95,"yyyy-mm") -> 2025-12
A96: E-095 | B96: Engineering | C96: 44933 | E96: =IF(D96="","Active","Exited") -> Active | F96: =TEXT(C96,"yyyy-mm") -> 2023-01
A97: E-096 | B97: Sales | C97: 45957 | E97: =IF(D97="","Active","Exited") -> Active | F97: =TEXT(C97,"yyyy-mm") -> 2025-10
A98: E-097 | B98: Sales | C98: 46004 | E98: =IF(D98="","Active","Exited") -> Active | F98: =TEXT(C98,"yyyy-mm") -> 2025-12
A99: E-098 | B99: Engineering | C99: 45079 | E99: =IF(D99="","Active","Exited") -> Active | F99: =TEXT(C99,"yyyy-mm") -> 2023-06
A100: E-099 | B100: Sales | C100: 45347 | D100: 45739 | E100: =IF(D100="","Active","Exited") -> Exited | F100: =TEXT(C100,"yyyy-mm") -> 2024-02
A101: E-100 | B101: Operations | C101: 45938 | E101: =IF(D101="","Active","Exited") -> Active | F101: =TEXT(C101,"yyyy-mm") -> 2025-10
A102: E-101 | B102: Sales | C102: 45515 | E102: =IF(D102="","Active","Exited") -> Active | F102: =TEXT(C102,"yyyy-mm") -> 2024-08
A103: E-102 | B103: Engineering | C103: 45333 | D103: 45468 | E103: =IF(D103="","Active","Exited") -> Exited | F103: =TEXT(C103,"yyyy-mm") -> 2024-02
...
